<application>
  <component name="ProjectManager">
    <defaultProject>
      <component name="Encoding" addBOMForNewFiles="with NO BOM" />
      <component name="MavenImportPreferences">
        <option name="generalSettings">
          <MavenGeneralSettings>
            <option name="localRepository" value="/usr/mvn-repository" />
            <option name="mavenHome" value="/usr/apache-maven-3.6.0" />
            <option name="userSettingsFile" value="/usr/apache-maven-3.6.0/conf/settings.xml" />
          </MavenGeneralSettings>
        </option>
      </component>
      <component name="ProjectInspectionProfilesVisibleTreeState">
        <entry key="Project Default">
          <profile-state>
            <expanded-state>
              <State />
              <State>
                <id>Abstraction issuesJava</id>
              </State>
              <State>
                <id>Android</id>
              </State>
              <State>
                <id>Assignment issuesGroovy</id>
              </State>
              <State>
                <id>Assignment issuesJava</id>
              </State>
              <State>
                <id>Bitwise operation issuesJava</id>
              </State>
              <State>
                <id>Class structureJava</id>
              </State>
              <State>
                <id>Cloning issuesJava</id>
              </State>
              <State>
                <id>Code StyleScala</id>
              </State>
              <State>
                <id>Code maturityJava</id>
              </State>
              <State>
                <id>Code style issuesJava</id>
              </State>
              <State>
                <id>CollectionsScala</id>
              </State>
              <State>
                <id>Control flow issuesJava</id>
              </State>
              <State>
                <id>CorrectnessLintAndroid</id>
              </State>
              <State>
                <id>Data flowJava</id>
              </State>
              <State>
                <id>Declaration redundancyJava</id>
              </State>
              <State>
                <id>Dependency issuesJava</id>
              </State>
              <State>
                <id>EditorConfig</id>
              </State>
              <State>
                <id>EncapsulationJava</id>
              </State>
              <State>
                <id>Error handlingGroovy</id>
              </State>
              <State>
                <id>Error handlingJava</id>
              </State>
              <State>
                <id>FinalizationJava</id>
              </State>
              <State>
                <id>GPathGroovy</id>
              </State>
              <State>
                <id>General</id>
              </State>
              <State>
                <id>GeneralJava</id>
              </State>
              <State>
                <id>GeneralScala</id>
              </State>
              <State>
                <id>Groovy</id>
              </State>
              <State>
                <id>HTML</id>
              </State>
              <State>
                <id>ImportsJava</id>
              </State>
              <State>
                <id>Inheritance issuesJava</id>
              </State>
              <State>
                <id>InitializationJava</id>
              </State>
              <State>
                <id>Internationalization</id>
              </State>
              <State>
                <id>InternationalizationJava</id>
              </State>
              <State>
                <id>InternationalizationLintAndroid</id>
              </State>
              <State>
                <id>J2ME issuesJava</id>
              </State>
              <State>
                <id>JUnitJava</id>
              </State>
              <State>
                <id>JVM languages</id>
              </State>
              <State>
                <id>Java</id>
              </State>
              <State>
                <id>Java 11Java language level migration aidsJava</id>
              </State>
              <State>
                <id>Java 8Java language level migration aidsJava</id>
              </State>
              <State>
                <id>Java interop issuesKotlin</id>
              </State>
              <State>
                <id>Java language level issuesJava</id>
              </State>
              <State>
                <id>Java language level migration aidsJava</id>
              </State>
              <State>
                <id>JavaBeans issuesJava</id>
              </State>
              <State>
                <id>JavadocJava</id>
              </State>
              <State>
                <id>Kotlin</id>
              </State>
              <State>
                <id>LintAndroid</id>
              </State>
              <State>
                <id>LintLintAndroid</id>
              </State>
              <State>
                <id>MemoryJava</id>
              </State>
              <State>
                <id>MessagesCorrectnessLintAndroid</id>
              </State>
              <State>
                <id>Method metricsJava</id>
              </State>
              <State>
                <id>Method signatureScala</id>
              </State>
              <State>
                <id>MigrationKotlin</id>
              </State>
              <State>
                <id>Modularization issuesJava</id>
              </State>
              <State>
                <id>Naming conventionsJava</id>
              </State>
              <State>
                <id>Numeric issuesJava</id>
              </State>
              <State>
                <id>Packaging issuesJava</id>
              </State>
              <State>
                <id>PerformanceJava</id>
              </State>
              <State>
                <id>PerformanceLintAndroid</id>
              </State>
              <State>
                <id>Plugin DevKit</id>
              </State>
              <State>
                <id>PortabilityJava</id>
              </State>
              <State>
                <id>Potentially confusing code constructsGroovy</id>
              </State>
              <State>
                <id>Probable bugsGroovy</id>
              </State>
              <State>
                <id>Probable bugsJava</id>
              </State>
              <State>
                <id>Probable bugsKotlin</id>
              </State>
              <State>
                <id>Properties Files</id>
              </State>
              <State>
                <id>Redundant constructsKotlin</id>
              </State>
              <State>
                <id>RegExp</id>
              </State>
              <State>
                <id>Scala</id>
              </State>
              <State>
                <id>SecurityJava</id>
              </State>
              <State>
                <id>SecurityLintAndroid</id>
              </State>
              <State>
                <id>Simplifications: otherCollectionsScala</id>
              </State>
              <State>
                <id>Spelling</id>
              </State>
              <State>
                <id>Threading issuesGroovy</id>
              </State>
              <State>
                <id>Threading issuesJava</id>
              </State>
              <State>
                <id>TypographyUsabilityLintAndroid</id>
              </State>
              <State>
                <id>UI Form</id>
              </State>
              <State>
                <id>UsabilityLintAndroid</id>
              </State>
              <State>
                <id>Verbose or redundant code constructsJava</id>
              </State>
              <State>
                <id>VisibilityJava</id>
              </State>
              <State>
                <id>XML</id>
              </State>
              <State>
                <id>XPath</id>
              </State>
              <State>
                <id>toString() issuesJava</id>
              </State>
            </expanded-state>
          </profile-state>
        </entry>
      </component>
      <component name="PropertiesComponent">
        <property name="settings.editor.selected.configurable" value="MavenSettings" />
      </component>
      <component name="ScalaSbtSettings">
        <option name="customVMPath" />
      </component>
      <component name="masterDetails">
        <states>
          <state key="ProjectJDKs.UI">
            <settings>
              <last-edited>1.8</last-edited>
              <splitter-proportions>
                <option name="proportions">
                  <list>
                    <option value="0.2" />
                  </list>
                </option>
              </splitter-proportions>
            </settings>
          </state>
        </states>
      </component>
    </defaultProject>
  </component>
</application>